-- phpMyAdmin SQL Dump
-- version 5.1.0
-- https://www.phpmyadmin.net/
--
-- Host: 127.0.0.1
-- Generation Time: Apr 16, 2023 at 04:33 PM
-- Server version: 10.4.18-MariaDB
-- PHP Version: 8.0.5

SET SQL_MODE = "NO_AUTO_VALUE_ON_ZERO";
START TRANSACTION;
SET time_zone = "+00:00";


/*!40101 SET @OLD_CHARACTER_SET_CLIENT=@@CHARACTER_SET_CLIENT */;
/*!40101 SET @OLD_CHARACTER_SET_RESULTS=@@CHARACTER_SET_RESULTS */;
/*!40101 SET @OLD_COLLATION_CONNECTION=@@COLLATION_CONNECTION */;
/*!40101 SET NAMES utf8mb4 */;

--
-- Database: `db_spp`
--

-- --------------------------------------------------------

--
-- Table structure for table `failed_jobs`
--

CREATE TABLE `failed_jobs` (
  `id` bigint(20) UNSIGNED NOT NULL,
  `uuid` varchar(255) COLLATE utf8mb4_unicode_ci NOT NULL,
  `connection` text COLLATE utf8mb4_unicode_ci NOT NULL,
  `queue` text COLLATE utf8mb4_unicode_ci NOT NULL,
  `payload` longtext COLLATE utf8mb4_unicode_ci NOT NULL,
  `exception` longtext COLLATE utf8mb4_unicode_ci NOT NULL,
  `failed_at` timestamp NOT NULL DEFAULT current_timestamp()
) ENGINE=InnoDB DEFAULT CHARSET=utf8mb4 COLLATE=utf8mb4_unicode_ci;

-- --------------------------------------------------------

--
-- Table structure for table `kelas`
--

CREATE TABLE `kelas` (
  `id` bigint(20) UNSIGNED NOT NULL,
  `kelas` varchar(20) COLLATE utf8mb4_unicode_ci NOT NULL,
  `kompetensi_keahlian` varchar(50) COLLATE utf8mb4_unicode_ci NOT NULL,
  `created_at` timestamp NULL DEFAULT NULL,
  `updated_at` timestamp NULL DEFAULT NULL
) ENGINE=InnoDB DEFAULT CHARSET=utf8mb4 COLLATE=utf8mb4_unicode_ci;

--
-- Dumping data for table `kelas`
--

INSERT INTO `kelas` (`id`, `kelas`, `kompetensi_keahlian`, `created_at`, `updated_at`) VALUES
(1, 'XII RPL', 'Rekayasa Perangkat Lunak', '2023-04-12 07:59:43', '2023-04-12 07:59:43'),
(2, 'XII TKR', 'Teknik Kendaraan Ringan', '2023-04-12 07:59:54', '2023-04-12 07:59:54');

-- --------------------------------------------------------

--
-- Table structure for table `migrations`
--

CREATE TABLE `migrations` (
  `id` int(10) UNSIGNED NOT NULL,
  `migration` varchar(255) COLLATE utf8mb4_unicode_ci NOT NULL,
  `batch` int(11) NOT NULL
) ENGINE=InnoDB DEFAULT CHARSET=utf8mb4 COLLATE=utf8mb4_unicode_ci;

--
-- Dumping data for table `migrations`
--

INSERT INTO `migrations` (`id`, `migration`, `batch`) VALUES
(1, '2014_10_12_000000_create_users_table', 1),
(2, '2014_10_12_100000_create_password_resets_table', 1),
(3, '2019_08_19_000000_create_failed_jobs_table', 1),
(4, '2019_12_14_000001_create_personal_access_tokens_table', 1),
(5, '2023_01_26_042728_create_spp_table', 1),
(6, '2023_01_26_042747_create_kelas_table', 1),
(7, '2023_01_26_042809_create_siswa_table', 1),
(8, '2023_01_26_042810_create_pembayaran_table', 1);

-- --------------------------------------------------------

--
-- Table structure for table `password_resets`
--

CREATE TABLE `password_resets` (
  `email` varchar(255) COLLATE utf8mb4_unicode_ci NOT NULL,
  `token` varchar(255) COLLATE utf8mb4_unicode_ci NOT NULL,
  `created_at` timestamp NULL DEFAULT NULL
) ENGINE=InnoDB DEFAULT CHARSET=utf8mb4 COLLATE=utf8mb4_unicode_ci;

-- --------------------------------------------------------

--
-- Table structure for table `pembayaran`
--

CREATE TABLE `pembayaran` (
  `id` bigint(20) UNSIGNED NOT NULL,
  `user_id` bigint(20) UNSIGNED NOT NULL,
  `siswa_id` bigint(20) UNSIGNED NOT NULL,
  `tanggal_bayar` date NOT NULL,
  `spp_id` bigint(20) UNSIGNED NOT NULL,
  `jumlah_bayar` int(11) NOT NULL,
  `created_at` timestamp NULL DEFAULT NULL,
  `updated_at` timestamp NULL DEFAULT NULL
) ENGINE=InnoDB DEFAULT CHARSET=utf8mb4 COLLATE=utf8mb4_unicode_ci;

--
-- Dumping data for table `pembayaran`
--

INSERT INTO `pembayaran` (`id`, `user_id`, `siswa_id`, `tanggal_bayar`, `spp_id`, `jumlah_bayar`, `created_at`, `updated_at`) VALUES
(1, 1, 1, '2023-04-11', 1, 1000000, NULL, '2023-04-16 02:56:53'),
(6, 1, 2, '2023-04-13', 1, 1800000, '2023-04-12 23:40:40', '2023-04-12 23:40:52'),
(8, 1, 3, '2023-04-14', 3, 1250000, '2023-04-13 20:39:16', '2023-04-13 20:39:39'),
(10, 4, 3, '2023-04-16', 3, 250000, '2023-04-15 23:29:46', '2023-04-15 23:29:46'),
(22, 1, 1, '2023-04-16', 3, 1000000, '2023-04-16 03:07:05', '2023-04-16 03:07:05');

-- --------------------------------------------------------

--
-- Table structure for table `personal_access_tokens`
--

CREATE TABLE `personal_access_tokens` (
  `id` bigint(20) UNSIGNED NOT NULL,
  `tokenable_type` varchar(255) COLLATE utf8mb4_unicode_ci NOT NULL,
  `tokenable_id` bigint(20) UNSIGNED NOT NULL,
  `name` varchar(255) COLLATE utf8mb4_unicode_ci NOT NULL,
  `token` varchar(64) COLLATE utf8mb4_unicode_ci NOT NULL,
  `abilities` text COLLATE utf8mb4_unicode_ci DEFAULT NULL,
  `last_used_at` timestamp NULL DEFAULT NULL,
  `created_at` timestamp NULL DEFAULT NULL,
  `updated_at` timestamp NULL DEFAULT NULL
) ENGINE=InnoDB DEFAULT CHARSET=utf8mb4 COLLATE=utf8mb4_unicode_ci;

-- --------------------------------------------------------

--
-- Table structure for table `siswa`
--

CREATE TABLE `siswa` (
  `id` bigint(20) UNSIGNED NOT NULL,
  `user_id` bigint(20) UNSIGNED NOT NULL,
  `nis` char(7) COLLATE utf8mb4_unicode_ci NOT NULL,
  `kelas_id` bigint(20) UNSIGNED NOT NULL,
  `alamat` text COLLATE utf8mb4_unicode_ci NOT NULL,
  `no_telp` char(13) COLLATE utf8mb4_unicode_ci NOT NULL,
  `created_at` timestamp NULL DEFAULT NULL,
  `updated_at` timestamp NULL DEFAULT NULL
) ENGINE=InnoDB DEFAULT CHARSET=utf8mb4 COLLATE=utf8mb4_unicode_ci;

--
-- Dumping data for table `siswa`
--

INSERT INTO `siswa` (`id`, `user_id`, `nis`, `kelas_id`, `alamat`, `no_telp`, `created_at`, `updated_at`) VALUES
(1, 2, '12222', 1, 'Grejo', '098778965678', '2023-04-12 08:00:35', '2023-04-12 08:00:35'),
(2, 3, '22122', 2, 'Kalipancur', '087698757654', '2023-04-12 08:01:39', '2023-04-12 08:01:39'),
(3, 9, '122211', 1, 'sumub kidul', '089501257933', '2023-04-13 20:36:55', '2023-04-13 20:36:55');

-- --------------------------------------------------------

--
-- Table structure for table `spp`
--

CREATE TABLE `spp` (
  `id` bigint(20) UNSIGNED NOT NULL,
  `tahun` int(11) NOT NULL,
  `nominal` int(11) NOT NULL,
  `created_at` timestamp NULL DEFAULT NULL,
  `updated_at` timestamp NULL DEFAULT NULL
) ENGINE=InnoDB DEFAULT CHARSET=utf8mb4 COLLATE=utf8mb4_unicode_ci;

--
-- Dumping data for table `spp`
--

INSERT INTO `spp` (`id`, `tahun`, `nominal`, `created_at`, `updated_at`) VALUES
(1, 2021, 2800000, '2023-04-12 07:59:19', '2023-04-12 07:59:19'),
(2, 2022, 2000000, '2023-04-12 07:59:30', '2023-04-12 07:59:30'),
(3, 2023, 1500000, '2023-04-13 20:30:09', '2023-04-13 20:30:09');

-- --------------------------------------------------------

--
-- Table structure for table `users`
--

CREATE TABLE `users` (
  `id` bigint(20) UNSIGNED NOT NULL,
  `nama` varchar(255) COLLATE utf8mb4_unicode_ci NOT NULL,
  `email` varchar(255) COLLATE utf8mb4_unicode_ci NOT NULL,
  `email_verified_at` timestamp NULL DEFAULT NULL,
  `password` varchar(255) COLLATE utf8mb4_unicode_ci NOT NULL,
  `level` enum('admin','petugas','siswa') COLLATE utf8mb4_unicode_ci NOT NULL,
  `remember_token` varchar(100) COLLATE utf8mb4_unicode_ci DEFAULT NULL,
  `created_at` timestamp NULL DEFAULT NULL,
  `updated_at` timestamp NULL DEFAULT NULL
) ENGINE=InnoDB DEFAULT CHARSET=utf8mb4 COLLATE=utf8mb4_unicode_ci;

--
-- Dumping data for table `users`
--

INSERT INTO `users` (`id`, `nama`, `email`, `email_verified_at`, `password`, `level`, `remember_token`, `created_at`, `updated_at`) VALUES
(1, 'Agung Bayu Saputra', 'bayu@gmail.com', NULL, '$2y$10$LYGb6BaUVDiuEw27eRP6zOfQPG6aloCfo.gxogRXmR1ut77CbZFrK', 'admin', NULL, '2023-04-12 07:56:04', '2023-04-12 07:56:04'),
(2, 'Abdul Karim', 'abdul@gmail.com', NULL, '$2y$10$M.lkkQuLysQE8DTGifAt0urQE979bmo7XjNWHbj7XslttbTEGuP3G', 'siswa', NULL, '2023-04-12 08:00:35', '2023-04-12 08:00:35'),
(3, 'Dimas Senggara', 'dimas@gmail.com', NULL, '$2y$10$ugfeMrHBhJm4q8m7GDNgquOY1cDewiVOdwmqZ4/G9iiaZI6PU7ESi', 'petugas', NULL, '2023-04-12 08:01:39', '2023-04-13 19:03:41'),
(4, 'Petugas', 'petugas@gmail.com', NULL, '$2y$10$IY0o9UJ3KLmi.gPXwkIrguNhPsW9oG9vESdo7oaKLGBhH4ki/D/cu', 'petugas', NULL, '2023-04-12 09:24:15', '2023-04-12 09:24:15'),
(6, 'rivan abdullah galih', 'rivan@smksmussi.sch.id', NULL, '$2y$10$Zb5fjWoV1mtcn7Jjk42OeOUA7cBrTkDEO4VI.R/t/qe8oXgKRVKT.', 'siswa', NULL, '2023-04-13 19:40:48', '2023-04-13 20:29:11'),
(9, 'rivan abdullah galih', 'rivan@gmail.com', NULL, '$2y$10$wHR/G4zgAs80wfFh/AfDaO9ZzQ8r5lKqWcVA61a0tnDSZHjKtSDne', 'siswa', NULL, '2023-04-13 20:36:55', '2023-04-13 20:36:55');

--
-- Indexes for dumped tables
--

--
-- Indexes for table `failed_jobs`
--
ALTER TABLE `failed_jobs`
  ADD PRIMARY KEY (`id`),
  ADD UNIQUE KEY `failed_jobs_uuid_unique` (`uuid`);

--
-- Indexes for table `kelas`
--
ALTER TABLE `kelas`
  ADD PRIMARY KEY (`id`);

--
-- Indexes for table `migrations`
--
ALTER TABLE `migrations`
  ADD PRIMARY KEY (`id`);

--
-- Indexes for table `password_resets`
--
ALTER TABLE `password_resets`
  ADD KEY `password_resets_email_index` (`email`);

--
-- Indexes for table `pembayaran`
--
ALTER TABLE `pembayaran`
  ADD PRIMARY KEY (`id`),
  ADD KEY `pembayaran_user_id_foreign` (`user_id`),
  ADD KEY `pembayaran_siswa_id_foreign` (`siswa_id`),
  ADD KEY `pembayaran_spp_id_foreign` (`spp_id`);

--
-- Indexes for table `personal_access_tokens`
--
ALTER TABLE `personal_access_tokens`
  ADD PRIMARY KEY (`id`),
  ADD UNIQUE KEY `personal_access_tokens_token_unique` (`token`),
  ADD KEY `personal_access_tokens_tokenable_type_tokenable_id_index` (`tokenable_type`,`tokenable_id`);

--
-- Indexes for table `siswa`
--
ALTER TABLE `siswa`
  ADD PRIMARY KEY (`id`),
  ADD KEY `siswa_user_id_foreign` (`user_id`),
  ADD KEY `siswa_kelas_id_foreign` (`kelas_id`);

--
-- Indexes for table `spp`
--
ALTER TABLE `spp`
  ADD PRIMARY KEY (`id`);

--
-- Indexes for table `users`
--
ALTER TABLE `users`
  ADD PRIMARY KEY (`id`),
  ADD UNIQUE KEY `users_email_unique` (`email`);

--
-- AUTO_INCREMENT for dumped tables
--

--
-- AUTO_INCREMENT for table `failed_jobs`
--
ALTER TABLE `failed_jobs`
  MODIFY `id` bigint(20) UNSIGNED NOT NULL AUTO_INCREMENT;

--
-- AUTO_INCREMENT for table `kelas`
--
ALTER TABLE `kelas`
  MODIFY `id` bigint(20) UNSIGNED NOT NULL AUTO_INCREMENT, AUTO_INCREMENT=3;

--
-- AUTO_INCREMENT for table `migrations`
--
ALTER TABLE `migrations`
  MODIFY `id` int(10) UNSIGNED NOT NULL AUTO_INCREMENT, AUTO_INCREMENT=9;

--
-- AUTO_INCREMENT for table `pembayaran`
--
ALTER TABLE `pembayaran`
  MODIFY `id` bigint(20) UNSIGNED NOT NULL AUTO_INCREMENT, AUTO_INCREMENT=23;

--
-- AUTO_INCREMENT for table `personal_access_tokens`
--
ALTER TABLE `personal_access_tokens`
  MODIFY `id` bigint(20) UNSIGNED NOT NULL AUTO_INCREMENT;

--
-- AUTO_INCREMENT for table `siswa`
--
ALTER TABLE `siswa`
  MODIFY `id` bigint(20) UNSIGNED NOT NULL AUTO_INCREMENT, AUTO_INCREMENT=4;

--
-- AUTO_INCREMENT for table `spp`
--
ALTER TABLE `spp`
  MODIFY `id` bigint(20) UNSIGNED NOT NULL AUTO_INCREMENT, AUTO_INCREMENT=4;

--
-- AUTO_INCREMENT for table `users`
--
ALTER TABLE `users`
  MODIFY `id` bigint(20) UNSIGNED NOT NULL AUTO_INCREMENT, AUTO_INCREMENT=10;

--
-- Constraints for dumped tables
--

--
-- Constraints for table `pembayaran`
--
ALTER TABLE `pembayaran`
  ADD CONSTRAINT `pembayaran_siswa_id_foreign` FOREIGN KEY (`siswa_id`) REFERENCES `siswa` (`id`) ON DELETE CASCADE,
  ADD CONSTRAINT `pembayaran_spp_id_foreign` FOREIGN KEY (`spp_id`) REFERENCES `spp` (`id`) ON DELETE CASCADE,
  ADD CONSTRAINT `pembayaran_user_id_foreign` FOREIGN KEY (`user_id`) REFERENCES `users` (`id`) ON DELETE CASCADE;

--
-- Constraints for table `siswa`
--
ALTER TABLE `siswa`
  ADD CONSTRAINT `siswa_kelas_id_foreign` FOREIGN KEY (`kelas_id`) REFERENCES `kelas` (`id`) ON DELETE CASCADE,
  ADD CONSTRAINT `siswa_user_id_foreign` FOREIGN KEY (`user_id`) REFERENCES `users` (`id`) ON DELETE CASCADE;
COMMIT;

/*!40101 SET CHARACTER_SET_CLIENT=@OLD_CHARACTER_SET_CLIENT */;
/*!40101 SET CHARACTER_SET_RESULTS=@OLD_CHARACTER_SET_RESULTS */;
/*!40101 SET COLLATION_CONNECTION=@OLD_COLLATION_CONNECTION */;
